Fresno,California,United States
Sacramento,California,United States
Portland,Oregon,United States
Spokane,Washington,United States
Salt Lake City,Utah,United States
Boise,Idaho,United States
Las Vegas,Nevada,United States
San Francisco,California,United States
Albany,New York,United States
Buffalo,New York,United States
Philadelphia,Pennsylvania,United States
Charlotte,North Carolina,United States
State College,Pennsylvania,United States
Pittsburgh,Pennsylvania,United States
Milwaukee,Wisconsin,United States
Austin,Texas,United States
Austin,Texas,United States
San Francisco,California,United States
Saskatoon,Saskatchewan,Canada
Winnipeg,Manitoba,Canada
Sioux Falls,South Dakota,United States
Grand Forks,North Dakota,United States
Lincoln,Nebraska,United States
Minneapolis,Minnesota,United States
Madison,Wisconsin,United States
Helsinki,Finland
Helsinki,Finland
Stockholm,Sweden
Stockholm,Sweden
Oslo,Norway
Leipzig,Germany
Kraków,Poland
Munich,Germany
San Francisco,California,United States
Geneva,Switzerland
Stuttgart,Germany
Stuttgart,Germany
Budapest,Hungary
Prague,Czech Republic
Vienna,Austria
Hamburg,Germany
Herning,Denmark
Mannheim,Germany
Bologna,Italy
Bologna,Italy
Turin,Italy
Barcelona,Spain
Madrid,Spain
Madrid,Spain
Lisbon,Portugal
San Francisco,California,United States
Antwerp,Belgium
Antwerp,Belgium
Birmingham,England
Manchester,England
Glasgow,Scotland,Scotland
London,England
London,England
Cologne,Germany
Cologne,Germany
Lyon,France
Paris,France
Paris,France
Amsterdam,Netherlands
Amsterdam,Netherlands
Copenhagen,Denmark
Edmonton,Alberta,Canada
Vancouver,British Columbia,Canada
San Francisco,California,United States
Seattle,Washington,United States
San Francisco,California,United States
San Diego,California,United States
Phoenix,Arizona,United States
Pasadena,California,United States
Montreal,Quebec,Canada
Toronto,Ontario,Canada
Quebec City,Quebec,Canada
Detroit,Michigan,United States
Atlanta,Georgia,United States
Miami,Florida,United States
Orlando,Florida,United States
Chicago,Illinois,United States
Dallas,Texas,United States
San Antonio,Texas,United States
Houston,Texas,United States
Newton,Iowa,United States
Denver,Colorado,United States
St. Louis,Missouri,United States
Columbus,Ohio,United States
Foxborough,Massachusetts,United States
Uniondale,New York,United States
New York,New York,United States
East Rutherford,New Jersey,United States
Philadelphia,Pennsylvania,United States
Baltimore,Maryland,United States
Santiago,Chile
Buenos Aires,Argentina
São Paulo,Brazil
Mexico City,Mexico
Mexico City,Mexico
Mexico City,Mexico
Los Angeles,California,United States
Los Angeles,California,United States
Copenhagen,Denmark
Copenhagen,Denmark
Copenhagen,Denmark
Copenhagen,Denmark
Singapore,Singapore
Chek Lap Kok,Hong Kong
Beijing,China
Shanghai,China
Seoul,South Korea
Oakland,California,United States
Los Angeles,California,United States
Los Angeles,California,United States
Toronto,Ontario,Canada
London,England
London,England
Paris,France
Berlin,Germany
San José,Costa Rica
Guatemala City,Guatemala
Bogotá,Colombia
Quito,Ecuador
San Juan,Puerto Rico
Mountain View,California,United States
Mountain View,California,United States
New York,New York,United States
New York,New York,United States
New York,New York,United States
New York,New York,United States
Minneapolis,Minnesota,United States
Berkeley,California,United States
San Francisco,California,United States
Rio De Janeiro,Brazil
Quebec City,Quebec,Canada
Quebec City,Quebec,Canada
Leeds,England
Reading,England
Moscow,Russia
St. Petersburg,Russia
Gothenburg,Sweden
Bergen,Norway
Chicago,Illinois,United States
Austin,Texas,United States
Vienna,Austria
Milan,Italy
Munich,Germany
Gelsenkirchen,Germany
Las Vegas,Nevada,United States
San Francisco,California,United States
Washington,D.C.,United States
Anaheim,California,United States
Los Angeles,California,United States
Montreal,Quebec,Canada
Istanbul,Turkey
Warsaw,Poland
Vienna,Austria
Prague,Czech Republic
Stevenage,England
Basel,Switzerland
Werchter,Belgium
Rome,Italy
Pilton,England
Landgraaf,Netherlands
Nürburg,Germany
Nuremberg,Germany
Hamburg,Germany
Horsens,Denmark
Oslo,Norway
Stockholm,Sweden
Helsinki,Finland
Los Angeles,California,United States
Buenos Aires,Argentina
Buenos Aires,Argentina
Santiago,Chile
Asunción,Paraguay
São Paulo,Brazil
Lima,Peru
Quito,Ecuador
Bogotá,Colombia
Los Angeles,California,United States
South Shetland Islands,Antarctica
New York,New York,United States
New York,New York,United States
New York,New York,United States
New York,New York,United States
Rio De Janeiro,Brazil
Jakarta,Indonesia
Singapore,Singapore
Kuala Lumpur,Malaysia
Seoul,South Korea
Shanghai,China
Shanghai,China
Osaka,Japan
Tokyo,Japan
San Diego,California,United States
Roskilde,Denmark
Detroit,Michigan,United States
Detroit,Michigan,United States
Los Angeles,California,United States
Johannesburg,South Africa
Cape Town,South Africa
Cape Town,South Africa
Abu Dhabi,United Arab Emirates
Perth,Australia
Adelaide,Australia
Melbourne,Australia
Sydney,Australia
Brisbane,Australia
New Orleans,Louisiana,United States
Vancouver,British Columbia,Canada
Vancouver,British Columbia,Canada
Vancouver,British Columbia,Canada
Edmonton,Alberta,Canada
Edmonton,Alberta,Canada
San Francisco,California,United States
Mexico City,Mexico
Mexico City,Mexico
Mexico City,Mexico
Mexico City,Mexico
Mexico City,Mexico
Mexico City,Mexico
Mexico City,Mexico
Mexico City,Mexico
Atlantic City,New Jersey,United States
Atlantic City,New Jersey,United States
Nickelsdorf,Austria
Castle Donington,England
Horsens,Denmark
Helsinki,Finland
Nürburg,Germany
Nuremberg,Germany
Yverdon-Les-Bains,Switzerland
Werchter,Belgium
Madrid,Spain
Lisbon,Portugal
Oslo,Norway
Udine,Italy
Paris,France
Warsaw,Poland
Belgrade,Serbia
Prague,Czech Republic
San Francisco,California,United States
San Francisco,California,United States
San Francisco,California,United States
San Francisco,California,United States
Milan,Italy
Cologne,Germany
Paris,France
London,England
Bangalore,India
Delhi,India
Abu Dhabi,United Arab Emirates
Rio De Janeiro,Brazil
New York,New York,United States
San Francisco,California,United States
Quebec City,Quebec,Canada
Halifax,Nova Scotia,Canada
Amnéville,France
Stevenage,England
Milan,Italy
Gothenburg,Sweden
Gelsenkirchen,Germany
Indio,California,United States
Melbourne,Australia
Melbourne,Australia
Melbourne,Australia
Adelaide,Australia
Adelaide,Australia
Sydney,Australia
Sydney,Australia
Sydney,Australia
Santa Monica,California,United States
Perth,Australia
Perth,Australia
Brisbane,Australia
Brisbane,Australia
Brisbane,Australia
Auckland,New Zealand
Auckland,New Zealand
Tokyo,Japan
Tokyo,Japan
Christchurch,New Zealand
Christchurch,New Zealand
Sydney,Australia
Melbourne,Australia
Melbourne,Australia
Istanbul,Turkey
Bucharest,Romania
Athens,Greece
Sofia,Bulgaria
Prague,Czech Republic
Jonschwil,Switzerland
Warsaw,Poland
Madrid,Spain
Lyon,France
Tel Aviv,Israel
Lisbon,Portugal
Lisbon,Portugal
Zagreb,Croatia
Budapest,Hungary
Belfast,Northern Ireland,Northern Ireland
Belfast,Northern Ireland,Northern Ireland
Moscow,Russia
Moscow,Russia
Vilnius,Lithuania
Vilnius,Lithuania
Tallinn,Estonia
Riga,Latvia
Riga,Latvia
Oslo,Norway
Oslo,Norway
San Juan,Puerto Rico
Caracas,Venezuela
Bogotá,Colombia
Panama City,Panama
San José,Costa Rica
Guatemala City,Guatemala
Monterrey,Mexico
Guadalajara,Mexico
São Paulo,Brazil
São Paulo,Brazil
Porto Alegre,Brazil
Santiago,Chile
Córdoba,Argentina
Buenos Aires,Argentina
Buenos Aires,Argentina
Lima,Peru
San Jose,California,United States
Anaheim,California,United States
Sacramento,California,United States
Boise,Idaho,United States
Las Vegas,Nevada,United States
New York,New York,United States
New York,New York,United States
Albany,New York,United States
Buffalo,New York,United States
Grand Rapids,Michigan,United States
Ottawa,Ontario,Canada
Quebec City,Quebec,Canada
Quebec City,Quebec,Canada
New York,New York,United States
Ottawa,Ontario,Canada
Toronto,Ontario,Canada
Toronto,Ontario,Canada
Charlotte,North Carolina,United States
Charlottesville,Virginia,United States
Cleveland,Ohio,United States
Minneapolis,Minnesota,United States
Winnipeg,Manitoba,Canada
Atlanta,Georgia,United States
Tampa,Florida,United States
Ft. Lauderdale,Florida,United States
Dallas,Texas,United States
San Antonio,Texas,United States
Montreal,Quebec,Canada
Montreal,Quebec,Canada
Indianapolis,Indiana,United States
Cincinnati,Ohio,United States
Nashville,Tennessee,United States
San Rafael,California,United States
Stevenage,England
Dublin,Ireland
Oslo,Norway
Copenhagen,Denmark
Copenhagen,Denmark
Pori,Finland
Copenhagen,Denmark
Copenhagen,Denmark
Copenhagen,Denmark
Hultsfred,Sweden
Zürich,Switzerland
Madrid,Spain
Madrid,Spain
Barcelona,Spain
Lisbon,Portugal
Nimes,France
Werchter,Belgium
Hockenheim,Germany
Rome,Italy
Milan,Italy
Nijmegen,Netherlands
Nickelsdorf,Austria
Oslo,Norway
Helsinki,Finland
Helsinki,Finland
Mexico City,Mexico
Mexico City,Mexico
Mexico City,Mexico
Cologne,Germany
Oberhausen,Germany
Vienna,Austria
Hamburg,Germany
Frankfurt,Germany
Stuttgart,Germany
Leipzig,Germany
Munich,Germany
Stockholm,Sweden
Cleveland,Ohio,United States
Paris,France
Paris,France
Rotterdam,Netherlands
London,England
Glasgow,Scotland,Scotland
Birmingham,England
Austin,Texas,United States
Stockholm,Sweden
Stockholm,Sweden
Antwerp,Belgium
Newcastle,England
London,England
Sheffield,England
Manchester,England
Nottingham,England
Newark,New Jersey,United States
Newark,New Jersey,United States
Uniondale,New York,United States
Chicago,Illinois,United States
Chicago,Illinois,United States
Boston,Massachusetts,United States
Philadelphia,Pennsylvania,United States
Washington,D.C.,United States
Detroit,Michigan,United States
Milwaukee,Wisconsin,United States
Oakland,California,United States
Los Angeles,California,United States
Los Angeles,California,United States
San Diego,California,United States
Fresno,California,United States
Ontario,California,United States
Edmonton,Alberta,Canada
Calgary,Alberta,Canada
Calgary,Alberta,Canada
Vancouver,British Columbia,Canada
Seattle,Washington,United States
New Orleans,Louisiana,United States
Little Rock,Arkansas,United States
Houston,Texas,United States
Tulsa,Oklahoma,United States
St. Louis,Missouri,United States
Columbus,Ohio,United States
Moline,Illinois,United States
Omaha,Nebraska,United States
Denver,Colorado,United States
Salt Lake City,Utah,United States
Portland,Oregon,United States
Des Moines,Iowa,United States
Kansas City,Missouri,United States
Albuquerque,New Mexico,United States
Glendale,Arizona,United States
Glendale,Arizona,United States
San Francisco,California,United States
Guadalajara,Mexico
London,England
London,England
London,England
Berlin,Germany
Saint-Denis,France
Reading,England
Leeds,England
Dublin,Ireland
Jonschwil,Switzerland
Hasselt,Belgium
Arras,France
Dallas,Texas,United States
Istanbul,Turkey
Sofia,Bulgaria
Bucharest,Romania
Bologna,Italy
Riga,Latvia
St. Petersburg,Russia
Bergen,Norway
Manchester,Tennessee,United States
Nashville,Tennessee,United States
Nuremberg,Germany
Nürburg,Germany
Lisbon,Portugal
Prague,Czech Republic
Madrid,Spain
Landgraaf,Netherlands
Chorzów,Poland
Irvine,California,United States
Tucson,Arizona,United States
Los Angeles,California,United States
Mountain View,California,United States
Mountain View,California,United States
Moscow,Russia
Helsinki,Finland
Aarhus,Denmark
Stockholm,Sweden
Oslo,Norway
London,England
London,England
Vienna,Austria
Athens,Greece
Werchter,Belgium
Bilbao,Spain
Lisbon,Portugal
Seoul,South Korea
Osaka,Japan
Tokyo,Japan
Imola,Italy
Nickelsdorf,Austria
Tallinn,Estonia
Dublin,Ireland
Castle Donington,England
Arnhem,Netherlands
Berlin,Germany
Nuremberg,Germany
Nürburg,Germany
Cape Town,South Africa
Durban,South Africa
Centurion,South Africa
New York,New York,United States
Park City,Utah,United States
San Francisco,California,United States
San Francisco,California,United States
San Jose,California,United States
Anaheim,California,United States
Anaheim,California,United States
San Diego,California,United States
Salt Lake City,Utah,United States
San Antonio,Texas,United States
Dallas,Texas,United States
Houston,Texas,United States
New Orleans,Louisiana,United States
Atlanta,Georgia,United States
Nashville,Tennessee,United States
Pensacola,Florida,United States
Jacksonville,Florida,United States
Ft. Lauderdale,Florida,United States
Tampa,Florida,United States
London,Ontario,Canada
Hamilton,Ontario,Canada
Boston,Massachusetts,United States
Boston,Massachusetts,United States
East Rutherford,New Jersey,United States
Philadelphia,Pennsylvania,United States
Philadelphia,Pennsylvania,United States
Washington,D.C.,United States
Quebec City,Quebec,Canada
Quebec City,Quebec,Canada
Buffalo,New York,United States
Albany,New York,United States
Ottawa,Ontario,Canada
Toronto,Ontario,Canada
Montreal,Quebec,Canada
Montreal,Quebec,Canada
Detroit,Michigan,United States
Green Bay,Wisconsin,United States
St. Louis,Missouri,United States
Columbus,Ohio,United States
Pittsburgh,Pennsylvania,United States
Cleveland,Ohio,United States
Nashville,Tennessee,United States
Lubbock,Texas,United States
Austin,Texas,United States
Wichita,Kansas,United States
Ames,Iowa,United States
Chicago,Illinois,United States
Chicago,Illinois,United States
Fort Wayne,Indiana,United States
Peoria,Illinois,United States
Moline,Illinois,United States
Milwaukee,Wisconsin,United States
Indianapolis,Indiana,United States
Fargo,North Dakota,United States
St. Paul,Minnesota,United States
Reykjavik,Iceland
Werchter,Belgium
Prague,Czech Republic
Padova,Italy
Zagreb,Croatia
Dublin,Ireland
Paris,France
Amsterdam,Netherlands
Zaragoza,Spain
Zürich,Switzerland
Bremen,Germany
Belgrade,Serbia
Munich,Germany
Vienna,Austria
Gelsenkirchen,Germany
Ludwigshafen,Germany
Castle Donington,England
Lisbon,Portugal
Glasgow,Scotland,Scotland
Chorzów,Poland
Gothenburg,Sweden
Helsinki,Finland
Copenhagen,Denmark
Little Rock,Arkansas,United States
Oklahoma City,Oklahoma,United States
Omaha,Nebraska,United States
Kansas City,Missouri,United States
Winnipeg,Manitoba,Canada
Saskatoon,Saskatchewan,Canada
Calgary,Alberta,Canada
Madison,Wisconsin,United States
Cincinnati,Ohio,United States
Grand Rapids,Michigan,United States
Louisville,Kentucky,United States
Norfolk,Virginia,United States
Roanoke,Virginia,United States
Charlotte,North Carolina,United States
Uniondale,New York,United States
Uniondale,New York,United States
Denver,Colorado,United States
Casper,Wyoming,United States
Seattle,Washington,United States
Vancouver,British Columbia,Canada
Calgary,Alberta,Canada
Edmonton,Alberta,Canada
Spokane,Washington,United States
Boise,Idaho,United States
Portland,Oregon,United States
Fresno,California,United States
Las Vegas,Nevada,United States
Reno,Nevada,United States
Sacramento,California,United States
San Francisco,California,United States
Los Angeles,California,United States
Los Angeles,California,United States
Tucson,Arizona,United States
Phoenix,Arizona,United States
San Francisco,California,United States
Perth,Australia
Adelaide,Australia
Melbourne,Australia
Melbourne,Australia
Sydney,Australia
Sydney,Australia
Sydney,Australia
Brisbane,Australia
Gold Coast,Australia
Auckland,New Zealand
Las Vegas,Nevada,United States
Las Vegas,Nevada,United States
London,England
London,England
Antwerp,Belgium
Cologne,Germany
Mannheim,Germany
Erfurt,Germany
Bologna,Italy
Paris,France
Zürich,Switzerland
Arnhem,Netherlands
Hanover,Germany
Oslo,Norway
Oslo,Norway
Los Angeles,California,United States
Nagoya,Japan
Osaka,Japan
Tokyo,Japan
Sapporo,Japan
Tokyo,Japan
Tokyo,Japan
São Paulo,Brazil
Rio De Janeiro,Brazil
Santiago,Chile
Buenos Aires,Argentina
New York,New York,United States
New York,New York,United States
Reading,England
Leeds,England
Dublin,Ireland
Gräfenhainichen,Germany
Konstanz,Germany
Salzburg,Austria
San Francisco,California,United States
Los Angeles,California,United States
Seattle,Washington,United States
Salt Lake City,Utah,United States
Dallas,Texas,United States
Houston,Texas,United States
Denver,Colorado,United States
Minneapolis,Minnesota,United States
Chicago,Illinois,United States
St. Louis,Missouri,United States
Montreal,Quebec,Canada
Columbus,Ohio,United States
Washington,D.C.,United States
Orlando,Florida,United States
Philadelphia,Pennsylvania,United States
Atlanta,Georgia,United States
East Rutherford,New Jersey,United States
Boston,Massachusetts,United States
Toronto,Ontario,Canada
Detroit,Michigan,United States
Detroit,Michigan,United States
Werchter,Belgium
Roskilde,Denmark
Madrid,Spain
Barcelona,Spain
Cologne,Germany
Nijmegen,Netherlands
Imola,Italy
Paris,France
Paris,France
Paris,France
Nürburg,Germany
Berlin,Germany
Nuremberg,Germany
Castle Donington,England
London,England
London,England
San Francisco,California,United States
San Francisco,California,United States
San Francisco,California,United States
San Francisco,California,United States
Universal City,California,United States
San Quentin,California,United States
Oakland,California,United States
San Rafael,California,United States
San Francisco,California,United States
Los Angeles,California,United States
Lexington,Kentucky,United States
Lexington,Kentucky,United States
Atlanta,Georgia,United States
Atlanta,Georgia,United States
Dallas,Texas,United States
Dallas,Texas,United States
Chicago,Illinois,United States
East Rutherford,New Jersey,United States
West Hollywood,California,United States
Phoenix,Arizona,United States
Los Angeles,California,United States
San Francisco,California,United States
Denver,Colorado,United States
Dallas,Texas,United States
Sparta,Kentucky,United States
Atlanta,Georgia,United States
Baltimore,Maryland,United States
St. Louis,Missouri,United States
Rockingham,North Carolina,United States
Boston,Massachusetts,United States
Seattle,Washington,United States
Culver City,California,United States
Minneapolis,Minnesota,United States
Minneapolis,Minnesota,United States
Minneapolis,Minnesota,United States
Chicago,Illinois,United States
Chicago,Illinois,United States
Milwaukee,Wisconsin,United States
Cleveland,Ohio,United States
Detroit,Michigan,United States
St. Petersburg,Florida,United States
Miami,Florida,United States
Las Vegas,Nevada,United States
New York,New York,United States
Berlin,Germany
Rome,New York,United States
Tel Aviv,Israel
Vigo,Spain
Lisbon,Portugal
Madrid,Spain
Gijón,Spain
Barcelona,Spain
Milton Keynes,England
Belfort,France
Paris,France
Dublin,Ireland
Werchter,Belgium
Turku,Finland
Roskilde,Denmark
Tallinn,Estonia
Kiev,Ukraine
Minden,Germany
St. Gallen,Switzerland
Irvine,California,United States
Istanbul,Turkey
Athens,Greece
Plovdiv,Bulgaria
Bucharest,Romania
Ljubljana,Slovenia
Milan,Italy
Budapest,Hungary
Warsaw,Poland
Oslo,Norway
Stockholm,Sweden
Berlin,Germany
Prague,Czech Republic
Eindhoven,Netherlands
Nürburg,Germany
Nuremberg,Germany
Buenos Aires,Argentina
Santiago,Chile
Rio De Janeiro,Brazil
São Paulo,Brazil
Porto Alegre,Brazil
Caracas,Venezuela
Bogotá,Colombia
Mexico City,Mexico
Berkeley,California,United States
Berkeley,California,United States
Anchorage,Alaska,United States
Honolulu,Hawaii,United States
Honolulu,Hawaii,United States
New York,New York,United States
Philadelphia,Pennsylvania,United States
Detroit,Michigan,United States
Chicago,Illinois,United States
Toronto,Ontario,Canada
Los Angeles,California,United States
Anchorage,Alaska,United States
Mexico City,Mexico
Honolulu,Hawaii,United States
San Diego,California,United States
Las Vegas,Nevada,United States
Phoenix,Arizona,United States
Denver,Colorado,United States
Salt Lake City,Utah,United States
George,Washington,United States
Vancouver,British Columbia,Canada
Portland,Oregon,United States
Sacramento,California,United States
Mountain View,California,United States
Irvine,California,United States
Houston,Texas,United States
San Antonio,Texas,United States
Dallas,Texas,United States
Kansas City,Kansas,United States
St. Louis,Missouri,United States
Milwaukee,Wisconsin,United States
Indianapolis,Indiana,United States
Nashville,Tennessee,United States
Pittsburgh,Pennsylvania,United States
Hartford,Connecticut,United States
Mansfield,Massachusetts,United States
Mansfield,Massachusetts,United States
East Rutherford,New Jersey,United States
Camden,New Jersey,United States
Buffalo,New York,United States
Detroit,Michigan,United States
Detroit,Michigan,United States
Cleveland,Ohio,United States
Cincinnati,Ohio,United States
Rockford,Illinois,United States
Columbus,Ohio,United States
Toronto,Ontario,Canada
Columbia,Maryland,United States
Virginia Beach,Virginia,United States
Washington,D.C.,United States
Charlotte,North Carolina,United States
Atlanta,Georgia,United States
West Palm Beach,Florida,United States
Tokyo,Japan
Tokyo,Japan
Tokyo,Japan
Fukuoka,Japan
Hiroshima,Japan
Osaka,Japan
Nagoya,Japan
Yokohama,Japan
Seoul,South Korea
Seoul,South Korea
Brisbane,Australia
Auckland,New Zealand
Wellington,New Zealand
Perth,Australia
Perth,Australia
Adelaide,Australia
Melbourne,Australia
Melbourne,Australia
Melbourne,Australia
Sydney,Australia
Sydney,Australia
Newcastle,Australia
San Francisco,California,United States
San Jose,California,United States
Las Vegas,Nevada,United States
New York,New York,United States
Paris,France
Paris,France
Copenhagen,Denmark
Stockholm,Sweden
Hamburg,Germany
London,England
London,England
London,England
London,England
Philadelphia,Pennsylvania,United States
Mountain View,California,United States
Mountain View,California,United States
Reading,England
Stuttgart,Germany
Hasselt,Belgium
Edmonton,Alberta,Canada
Calgary,Alberta,Canada
Saskatoon,Saskatchewan,Canada
Vancouver,British Columbia,Canada
Seattle,Washington,United States
Portland,Oregon,United States
Spokane,Washington,United States
Boise,Idaho,United States
Reno,Nevada,United States
Oklahoma City,Oklahoma,United States
Ft. Worth,Texas,United States
Ft. Worth,Texas,United States
Austin,Texas,United States
San Antonio,Texas,United States
Houston,Texas,United States
Lafayette,Louisiana,United States
Biloxi,Mississippi,United States
Atlanta,Georgia,United States
Atlanta,Georgia,United States
Orlando,Florida,United States
Miami,Florida,United States
Tampa,Florida,United States
Cincinnati,Ohio,United States
Cincinnati,Ohio,United States
Nashville,Tennessee,United States
Greensboro,North Carolina,United States
Charlotte,North Carolina,United States
Landover,Maryland,United States
Landover,Maryland,United States
Albany,New York,United States
Providence,Rhode Island,United States
Hartford,Connecticut,United States
Hampton,Virginia,United States
East Rutherford,New Jersey,United States
Ottawa,Ontario,Canada
Quebec City,Quebec,Canada
Montreal,Quebec,Canada
Pittsburgh,Pennsylvania,United States
Buffalo,New York,United States
New York,New York,United States
New York,New York,United States
Philadelphia,Pennsylvania,United States
Philadelphia,Pennsylvania,United States
Boston,Massachusetts,United States
Boston,Massachusetts,United States
University Park,Pennsylvania,United States
Worcester,Massachusetts,United States
Uniondale,New York,United States
Roanoke,Virginia,United States
Hamilton,Ontario,Canada
Detroit,Michigan,United States
Detroit,Michigan,United States
Cleveland,Ohio,United States
Cleveland,Ohio,United States
Cleveland,Ohio,United States
Indianapolis,Indiana,United States
Grand Rapids,Michigan,United States
Milwaukee,Wisconsin,United States
Winnipeg,Manitoba,Canada
Fargo,North Dakota,United States
Chicago,Illinois,United States
Chicago,Illinois,United States
Chicago,Illinois,United States
Moline,Illinois,United States
St. Louis,Missouri,United States
Louisville,Kentucky,United States
Memphis,Tennessee,United States
Kansas City,Missouri,United States
Minneapolis,Minnesota,United States
Ames,Iowa,United States
Los Angeles,California,United States
Denver,Colorado,United States
Denver,Colorado,United States
San Diego,California,United States
Las Vegas,Nevada,United States
Albuquerque,New Mexico,United States
Las Cruces,New Mexico,United States
Phoenix,Arizona,United States
Phoenix,Arizona,United States
Salt Lake City,Utah,United States
San Jose,California,United States
San Francisco,California,United States
Sacramento,California,United States
Los Angeles,California,United States
Los Angeles,California,United States
Fresno,California,United States
Copenhagen,Denmark
Copenhagen,Denmark
Oslo,Norway
Oslo,Norway
Gothenburg,Sweden
Helsinki,Finland
Helsinki,Finland
Stockholm,Sweden
Stockholm,Sweden
Stockholm,Sweden
London,England
London,England
Utrecht,Netherlands
Bielefeld,Germany
Nuremberg,Germany
Stuttgart,Germany
Zürich,Switzerland
Oldenburg,Germany
Frankfurt,Germany
Munich,Germany
Mannheim,Germany
Leipzig,Germany
Berlin,Germany
Dortmund,Germany
Hamburg,Germany
Hamburg,Germany
Sheffield,England
Manchester,England
Cardiff,Wales
London,England
Glasgow,Scotland,Scotland
Dublin,Ireland
Newcastle,England
Birmingham,England
Birmingham,England
Lyon,France
Marseille,France
Milan,Italy
Turin,Italy
Milan,Italy
Rome,Italy
Barcelona,Spain
Madrid,Spain
Lisbon,Portugal
San Sebastian,Spain
Paris,France
Paris,France
Gent,Belgium
Kiel,Germany
Berlin,Germany
Brunssum,Netherlands
Prague,Czech Republic
Katowice,Poland
Vienna,Austria
New York,New York,United States
Irvine,California,United States
Irvine,California,United States
San Jose,California,United States
Tucson,Arizona,United States
George,Washington,United States
Phoenix,Arizona,United States
Dallas,Texas,United States
New Orleans,Louisiana,United States
Knoxville,Tennessee,United States
Rockingham,North Carolina,United States
West Palm Beach,Florida,United States
Charles Town,West Virginia,United States
Syracuse,New York,United States
New York,New York,United States
New York,New York,United States
Pownal,Vermont,United States
Quebec City,Quebec,Canada
Toronto,Ontario,Canada
Columbus,Ohio,United States
Indianapolis,Indiana,United States
Rockford,Illinois,United States
Des Moines,Iowa,United States
Kansas City,Missouri,United States
Aberdeen,Washington,United States
Toronto,Ontario,Canada
San Francisco,California,United States
San Francisco,California,United States
San Jose,California,United States
San Francisco,California,United States
Sacramento,California,United States
West Hollywood,California,United States
Tuktoyaktuk,Northwest Territories,Canada
Castle Donington,England
London,England
San Rafael,California,United States
Miami,Florida,United States
Tampa,Florida,United States
Atlanta,Georgia,United States
Nashville,Tennessee,United States
Charlotte,North Carolina,United States
Washington,D.C.,United States
Saugerties,New York,United States
Pittsburgh,Pennsylvania,United States
Kansas City,Kansas,United States
Oklahoma City,Oklahoma,United States
Houston,Texas,United States
Austin,Texas,United States
Dallas,Texas,United States
Denver,Colorado,United States
Albuquerque,New Mexico,United States
San Diego,California,United States
Las Vegas,Nevada,United States
Park City,Utah,United States
Phoenix,Arizona,United States
Dominguez Hills,California,United States
San Bernardino,California,United States
Sacramento,California,United States
Mountain View,California,United States
Portland,Oregon,United States
Seattle,Washington,United States
Vancouver,British Columbia,Canada
Chicago,Illinois,United States
Indianapolis,Indiana,United States
Milwaukee,Wisconsin,United States
Columbus,Ohio,United States
St. Louis,Missouri,United States
Somerset,Wisconsin,United States
Des Moines,Iowa,United States
Ionia,Michigan,United States
Detroit,Michigan,United States
Detroit,Michigan,United States
Cincinnati,Ohio,United States
Cleveland,Ohio,United States
Middletown,New York,United States
Mechanicsburg,Pennsylvania,United States
Philadelphia,Pennsylvania,United States
North Swanzey,New Hampshire,United States
Mansfield,Massachusetts,United States
Essex Junction,Vermont,United States
Long Island,New York,United States
Allentown,Pennsylvania,United States
Syracuse,New York,United States
Toronto,Ontario,Canada
Quebec City,Quebec,Canada
Holmdel,New Jersey,United States
Buffalo,New York,United States
Werchter,Belgium
Torhout,Belgium
Tel Aviv,Israel
Athens,Greece
Vienna,Austria
Istanbul,Turkey
Turin,Italy
Basel,Switzerland
Madrid,Spain
Lisbon,Portugal
Paris,France
Rotterdam,Netherlands
Budapest,Hungary
Bratislava,Slovakia
Milton Keynes,England
Helsinki,Finland
Stockholm,Sweden
Copenhagen,Denmark
Berlin,Germany
Brno,Czech Republic
Nuremberg,Germany
Mannheim,Germany
Dusseldorf,Germany
Hanover,Germany
Buenos Aires,Argentina
Buenos Aires,Argentina
Santiago,Chile
São Paulo,Brazil
São Paulo,Brazil
San Juan,Puerto Rico
Manila,Phillippines
Bangkok,Thailand
Singapore,Singapore
Jakarta,Indonesia
Jakarta,Indonesia
Perth,Australia
Perth,Australia
Adelaide,Australia
Melbourne,Australia
Melbourne,Australia
Sydney,Australia
Sydney,Australia
Brisbane,Australia
Sydney,Australia
Auckland,New Zealand
Nagoya,Japan
Osaka,Japan
Fukuoka,Japan
Yokohama,Japan
Tokyo,Japan
Tokyo,Japan
Honolulu,Hawaii,United States
Honolulu,Hawaii,United States
Mexico City,Mexico
Mexico City,Mexico
Mexico City,Mexico
Mexico City,Mexico
Mexico City,Mexico
Tallahassee,Florida,United States
Ft. Myers,Florida,United States
St. Petersburg,Florida,United States
Charleston,South Carolina,United States
Amherst,Massachusetts,United States
Montreal,Quebec,Canada
Montreal,Quebec,Canada
Halifax,Nova Scotia,Canada
Moncton,New Brunswick,Canada
Greenville,South Carolina,United States
Lexington,Kentucky,United States
Johnson City,Tennessee,United States
Dayton,Ohio,United States
Saginaw,Michigan,United States
Rockford,Illinois,United States
La Crosse,Wisconsin,United States
Iowa City,Iowa,United States
Hershey,Pennsylvania,United States
Los Angeles,California,United States
Toledo,Ohio,United States
Kalamazoo,Michigan,United States
Stockholm,Sweden
Helsinki,Finland
Oslo,Norway
Gothenburg,Sweden
Copenhagen,Denmark
Copenhagen,Denmark
Den Bosch,Netherlands
Berlin,Germany
Kiel,Germany
Stuttgart,Germany
Mannheim,Germany
Nuremberg,Germany
Nuremberg,Germany
Frankfurt,Germany
Dortmund,Germany
Stuttgart,Germany
Munich,Germany
Vienna,Austria
Zürich,Switzerland
Milan,Italy
Rome,Italy
San Sebastian,Spain
Barcelona,Spain
Paris,France
Rotterdam,Netherlands
Rotterdam,Netherlands
Birmingham,England
Birmingham,England
Manchester,England
Sheffield,England
Dublin,Ireland
Newcastle,England
Glasgow,Scotland,Scotland
London,England
London,England
Gent,Belgium
Seattle,Washington,United States
Pasadena,California,United States
San Diego,California,United States
Los Angeles,California,United States
Oakland,California,United States
Denver,Colorado,United States
Kansas City,Missouri,United States
Minneapolis,Minnesota,United States
Toronto,Ontario,Canada
Boston,Massachusetts,United States
Columbia,South Carolina,United States
Dallas,Texas,United States
Houston,Texas,United States
Orlando,Florida,United States
Atlanta,Georgia,United States
New Orleans,Louisiana,United States
Las Cruces,New Mexico,United States
Phoenix,Arizona,United States
Pasadena,California,United States
Oakland,California,United States
Seattle,Washington,United States
Vancouver,British Columbia,Canada
San Diego,California,United States
Denver,Colorado,United States
Toronto,Ontario,Canada
Montreal,Quebec,Canada
Minneapolis,Minnesota,United States
Columbia,South Carolina,United States
Boston,Massachusetts,United States
East Rutherford,New Jersey,United States
Pittsburgh,Pennsylvania,United States
Buffalo,New York,United States
Indianapolis,Indiana,United States
Detroit,Michigan,United States
East Rutherford,New Jersey,United States
Washington,D.C.,United States
Allentown,Pennsylvania,United States
Weedsport,New York,United States
Cleveland,Ohio,United States
Chicago,Illinois,United States
Milwaukee,Wisconsin,United States
Columbus,Ohio,United States
Charlevoix,Michigan,United States
Raleigh,North Carolina,United States
Cincinnati,Ohio,United States
Kansas City,Kansas,United States
St. Louis,Missouri,United States
Nashville,Tennessee,United States
Jackson,Mississippi,United States
Baton Rouge,Louisiana,United States
Mobile,Alabama,United States
Phoenix,Arizona,United States
Phoenix,Arizona,United States
Tucson,Arizona,United States
Billings,Montana,United States
Casper,Wyoming,United States
Salt Lake City,Utah,United States
Portland,Oregon,United States
Portland,Oregon,United States
Anchorage,Alaska,United States
Seattle,Washington,United States
Seattle,Washington,United States
Vancouver,British Columbia,Canada
Vancouver,British Columbia,Canada
Calgary,Alberta,Canada
Edmonton,Alberta,Canada
Saskatoon,Saskatchewan,Canada
Winnipeg,Manitoba,Canada
Fargo,North Dakota,United States
Sioux Falls,South Dakota,United States
Rapid City,South Dakota,United States
San Francisco,California,United States
San Francisco,California,United States
Boise,Idaho,United States
Pullman,Washington,United States
London,England
Hartford,Connecticut,United States
Hamilton,Ontario,Canada
Rochester,New York,United States
Binghamton,New York,United States
Hampton,Virginia,United States
East Rutherford,New Jersey,United States
Philadelphia,Pennsylvania,United States
Philadelphia,Pennsylvania,United States
East Rutherford,New Jersey,United States
Landover,Maryland,United States
Landover,Maryland,United States
Richmond,Virginia,United States
Atlanta,Georgia,United States
Atlanta,Georgia,United States
Greensboro,North Carolina,United States
Birmingham,Alabama,United States
Pensacola,Florida,United States
Charleston,West Virginia,United States
Charlotte,North Carolina,United States
Louisville,Kentucky,United States
Huntsville,Alabama,United States
Orlando,Florida,United States
Jacksonville,Florida,United States
Miami,Florida,United States
Chattanooga,Tennessee,United States
Roanoke,Virginia,United States
Nashville,Tennessee,United States
Evansville,Indiana,United States
Knoxville,Tennessee,United States
Champaign,Illinois,United States
Carbondale,Illinois,United States
Cincinnati,Ohio,United States
Providence,Rhode Island,United States
Albany,New York,United States
Portland,Maine,United States
New York,New York,United States
Reno,Nevada,United States
Fresno,California,United States
Los Angeles,California,United States
Los Angeles,California,United States
Salt Lake City,Utah,United States
Denver,Colorado,United States
Denver,Colorado,United States
Denver,Colorado,United States
Odessa,Texas,United States
Lubbock,Texas,United States
Albuquerque,New Mexico,United States
El Paso,Texas,United States
Memphis,Tennessee,United States
Shreveport,Louisiana,United States
Austin,Texas,United States
Tulsa,Oklahoma,United States
Oklahoma City,Oklahoma,United States
San Antonio,Texas,United States
Dallas,Texas,United States
Little Rock,Arkansas,United States
New Orleans,Louisiana,United States
Houston,Texas,United States
San Diego,California,United States
San Diego,California,United States
Sacramento,California,United States
Sacramento,California,United States
Los Angeles,California,United States
Los Angeles,California,United States
Los Angeles,California,United States
Las Vegas,Nevada,United States
Tokyo,Japan
Worcester,Massachusetts,United States
Worcester,Massachusetts,United States
Uniondale,New York,United States
Uniondale,New York,United States
Uniondale,New York,United States
Chicago,Illinois,United States
Chicago,Illinois,United States
Chicago,Illinois,United States
Buffalo,New York,United States
Cleveland,Ohio,United States
Cleveland,Ohio,United States
Kansas City,Missouri,United States
Omaha,Nebraska,United States
Fort Wayne,Indiana,United States
St. Louis,Missouri,United States
Indianapolis,Indiana,United States
Pittsburgh,Pennsylvania,United States
Quebec City,Quebec,Canada
Ottawa,Ontario,Canada
Montreal,Quebec,Canada
Toronto,Ontario,Canada
Toronto,Ontario,Canada
Green Bay,Wisconsin,United States
Cedar Rapids,Iowa,United States
Duluth,Minnesota,United States
Minneapolis,Minnesota,United States
Des Moines,Iowa,United States
Milwaukee,Wisconsin,United States
Detroit,Michigan,United States
Detroit,Michigan,United States
Muskegon,Michigan,United States
Madison,Wisconsin,United States
Peoria,Illinois,United States
Oakland,California,United States
Moscow,Russia
Barcelona,Spain
Paris,France
Dortmund,Germany
Dortmund,Germany
Modena,Italy
Graz,Austria
Oldenburg,Germany
Mainz,Germany
Universal City,California,United States
Nijmegen,Netherlands
Hanover,Germany
Hasselt,Belgium
Berlin,Germany
Berlin,Germany
Basel,Switzerland
Munich,Germany
Budapest,Hungary
Castle Donington,England
Chorzów,Poland
Copenhagen,Denmark
Petaluma,California,United States
Petaluma,California,United States
Rochester,New York,United States
Toronto,Ontario,Canada
Glasgow,Scotland,Scotland
Birmingham,England
London,England
Paris,France
Leiden,Netherlands
Hanover,Germany
Dortmund,Germany
Zwolle,Netherlands
London,England
São Paulo,Brazil
São Paulo,Brazil
Rio De Janeiro,Brazil
Irvine,California,United States
Irvine,California,United States
Irvine,California,United States
Tucson,Arizona,United States
Sacramento,California,United States
Mountain View,California,United States
Concord,California,United States
Reno,Nevada,United States
Phoenix,Arizona,United States
Las Vegas,Nevada,United States
Salt Lake City,Utah,United States
Casper,Wyoming,United States
Billings,Montana,United States
Boise,Idaho,United States
Portland,Oregon,United States
Seattle,Washington,United States
Seattle,Washington,United States
Spokane,Washington,United States
Denver,Colorado,United States
Denver,Colorado,United States
Dallas,Texas,United States
Houston,Texas,United States
Biloxi,Mississippi,United States
Jackson,Mississippi,United States
Atlanta,Georgia,United States
Nashville,Tennessee,United States
Chattanooga,Tennessee,United States
Greenville,South Carolina,United States
Columbus,Ohio,United States
Johnson City,Tennessee,United States
Columbia,South Carolina,United States
Roanoke,Virginia,United States
Newark,Delaware,United States
Richmond,Virginia,United States
Allentown,Pennsylvania,United States
Landover,Maryland,United States
Burlington,Vermont,United States
Worcester,Massachusetts,United States
Uniondale,New York,United States
East Rutherford,New Jersey,United States
East Rutherford,New Jersey,United States
Philadelphia,Pennsylvania,United States
Bristol,Connecticut,United States
Weedsport,New York,United States
Manchester,New Hampshire,United States
Middletown,New York,United States
Harrisburg,Pennsylvania,United States
Pittsburgh,Pennsylvania,United States
Charleston,West Virginia,United States
Cleveland,Ohio,United States
Chicago,Illinois,United States
Cincinnati,Ohio,United States
Detroit,Michigan,United States
Detroit,Michigan,United States
Mears,Michigan,United States
Indianapolis,Indiana,United States
Louisville,Kentucky,United States
Evansville,Indiana,United States
Fort Wayne,Indiana,United States
East Troy,Wisconsin,United States
Springfield,Illinois,United States
Kansas City,Kansas,United States
Cedar Rapids,Iowa,United States
Grand Forks,North Dakota,United States
Bismarck,North Dakota,United States
Rapid City,South Dakota,United States
Omaha,Nebraska,United States
Sioux Falls,South Dakota,United States
Ames,Iowa,United States
Minneapolis,Minnesota,United States
Duluth,Minnesota,United States
Minot,North Dakota,United States
Winnipeg,Manitoba,Canada
Saskatoon,Saskatchewan,Canada
Calgary,Alberta,Canada
Edmonton,Alberta,Canada
Vancouver,British Columbia,Canada
Anchorage,Alaska,United States
Honolulu,Hawaii,United States
Nagoya,Japan
Osaka,Japan
Osaka,Japan
Tokyo,Japan
Tokyo,Japan
Kawasaki,Japan
Sydney,Australia
Melbourne,Australia
Adelaide,Australia
Auckland,New Zealand
Minneapolis,Minnesota,United States
La Crosse,Wisconsin,United States
Green Bay,Wisconsin,United States
Peoria,Illinois,United States
Dayton,Ohio,United States
Saginaw,Michigan,United States
Battle Creek,Michigan,United States
Montreal,Quebec,Canada
Chicoutimi,Quebec,Canada
Quebec City,Quebec,Canada
Hamilton,Ontario,Canada
Toronto,Ontario,Canada
Ottawa,Ontario,Canada
Halifax,Nova Scotia,Canada
Sydney,Nova Scotia,Canada
Moncton,New Brunswick,Canada
Portland,Maine,United States
Providence,Rhode Island,United States
Syracuse,New York,United States
Hartford,Connecticut,United States
Worcester,Massachusetts,United States
Troy,New York,United States
Buffalo,New York,United States
Philadelphia,Pennsylvania,United States
Norfolk,Virginia,United States
Landover,Maryland,United States
Uniondale,New York,United States
Rochester,New York,United States
Binghamton,New York,United States
Pittsburgh,Pennsylvania,United States
Bethlehem,Pennsylvania,United States
East Rutherford,New Jersey,United States
Savannah,Georgia,United States
Charlotte,North Carolina,United States
Fayetteville,North Carolina,United States
Los Angeles,California,United States
Greensboro,North Carolina,United States
Atlanta,Georgia,United States
Jacksonville,Florida,United States
West Palm Beach,Florida,United States
Ft. Myers,Florida,United States
Miami,Florida,United States
Daytona Beach,Florida,United States
Lakeland,Florida,United States
Huntsville,Alabama,United States
Little Rock,Arkansas,United States
Dallas,Texas,United States
Houston,Texas,United States
Austin,Texas,United States
San Antonio,Texas,United States
Abilene,Texas,United States
Tulsa,Oklahoma,United States
Shreveport,Louisiana,United States
Corpus Christi,Texas,United States
Beaumont,Texas,United States
Amarillo,Texas,United States
El Paso,Texas,United States
Lubbock,Texas,United States
Odessa,Texas,United States
Waco,Texas,United States
New Orleans,Louisiana,United States
Birmingham,Alabama,United States
Memphis,Tennessee,United States
Knoxville,Tennessee,United States
Denver,Colorado,United States
Salt Lake City,Utah,United States
Fresno,California,United States
Sacramento,California,United States
San Francisco,California,United States
San Francisco,California,United States
Long Beach,California,United States
Long Beach,California,United States
San Diego,California,United States
Phoenix,Arizona,United States
Albuquerque,New Mexico,United States
Oklahoma City,Oklahoma,United States
Kansas City,Missouri,United States
St. Louis,Missouri,United States
Cleveland,Ohio,United States
Detroit,Michigan,United States
Indianapolis,Indiana,United States
Milwaukee,Wisconsin,United States
Madison,Wisconsin,United States
Columbus,Ohio,United States
Cincinnati,Ohio,United States
Chicago,Illinois,United States
Toledo,Ohio,United States
Leiden,Netherlands
Regensburg,Germany
Stuttgart,Germany
Frankfurt,Germany
Paris,France
Brussels,Belgium
Heidelberg,Germany
Dortmund,Germany
Cologne,Germany
Hanover,Germany
Würzburg,Germany
Saarbrücken,Germany
Munich,Germany
Gothenburg,Sweden
Lillestrom,Norway
Stockholm,Sweden
Helsinki,Finland
Copenhagen,Denmark
London,England
London,England
London,England
Manchester,England
Newcastle,England
Dublin,Ireland
Dublin,Ireland
Belfast,Northern Ireland,Northern Ireland
Sheffield,England
Birmingham,England
Newport,Wales
Bradford,England
Edinburgh,Scotland,Scotland
Edinburgh,Scotland,Scotland
Barcelona,Spain
Montpellier,France
Toulon,France
Madrid,Spain
Pamplona,Spain
Bern,Switzerland
Milan,Italy
Padova,Italy
Budapest,Hungary
Denver,Colorado,United States
Seattle,Washington,United States
Los Angeles,California,United States
Spokane,Washington,United States
San Francisco,California,United States
Minneapolis,Minnesota,United States
Kansas City,Missouri,United States
Memphis,Tennessee,United States
Indianapolis,Indiana,United States
Dallas,Texas,United States
Houston,Texas,United States
East Rutherford,New Jersey,United States
East Rutherford,New Jersey,United States
Portland,Maine,United States
Akron,Ohio,United States
Akron,Ohio,United States
Buffalo,New York,United States
Detroit,Michigan,United States
Detroit,Michigan,United States
Pittsburgh,Pennsylvania,United States
Boston,Massachusetts,United States
Philadelphia,Pennsylvania,United States
Washington,D.C.,United States
Tampa,Florida,United States
Miami,Florida,United States
East Troy,Wisconsin,United States
East Troy,Wisconsin,United States
East Troy,Wisconsin,United States
West Hollywood,California,United States
West Hollywood,California,United States
Pforzheim,Germany
Nuremberg,Germany
Castle Donington,England
London,England
Gothenburg,Sweden
Katowice,Poland
Katowice,Poland
Zwolle,Netherlands
Brussels,Belgium
Paris,France
Clermont-Ferrand,France
Strasbourg,France
Zürich,Switzerland
Nuremberg,Germany
Ludwigshafen,Germany
Frankfurt,Germany
Hamburg,Germany
Hamburg,Germany
Essen,Germany
Stuttgart,Germany
Munich,Germany
Milan,Italy
Nice,France
Madrid,Spain
Barcelona,Spain
Bordeaux,France
Lyon,France
Osnabrück,Germany
Holstebro,Denmark
Copenhagen,Denmark
Seattle,Washington,United States
Vancouver,British Columbia,Canada
Calgary,Alberta,Canada
Edmonton,Alberta,Canada
Saskatoon,Saskatchewan,Canada
Brandon,Manitoba,Canada
Winnipeg,Manitoba,Canada
Sudbury,Ontario,Canada
Toronto,Ontario,Canada
Victoriaville,Ontario,Canada
Rimouski,Quebec,Canada
Quebec City,Quebec,Canada
Chicoutimi,Quebec,Canada
Verdun,Quebec,Canada
New York,New York,United States
Hartford,Connecticut,United States
Passaic,New Jersey,United States
Poughkeepsie,New York,United States
Providence,Rhode Island,United States
Tokyo,Japan
Tokyo,Japan
Osaka,Japan
Nagoya,Japan
Tokyo,Japan
Anaheim,California,United States
Reseda,California,United States
Zwolle,Netherlands
Genk,Belgium
Dusseldorf,Germany
Mannheim,Germany
Offenbach,Germany
Munich,Germany
Nuremberg,Germany
Zürich,Switzerland
Stuttgart,Germany
Milan,Italy
Nice,France
Marseille,France
Toulouse,France
Madrid,Spain
Barcelona,Spain
Lyon,France
Paris,France
Clermont-Ferrand,France
Strasbourg,France
Saarbrücken,Germany
Osnabrück,Germany
Hamburg,Germany
Copenhagen,Denmark
Stockholm,Sweden
Lillestrom,Norway
Lund,Sweden
London,England
Birmingham,England
Newcastle,England
Sheffield,England
Manchester,England
Belfast,Northern Ireland,Northern Ireland
Dublin,Ireland
Edinburgh,Scotland,Scotland
Bradford,England
Cardiff,Wales
Hampton,Virginia,United States
Columbia,Maryland,United States
Charleston,West Virginia,United States
Knoxville,Tennessee,United States
Chattanooga,Tennessee,United States
Nashville,Tennessee,United States
Evansville,Indiana,United States
Louisville,Kentucky,United States
Cincinnati,Ohio,United States
Detroit,Michigan,United States
Saginaw,Michigan,United States
Battle Creek,Michigan,United States
Columbus,Ohio,United States
Fort Wayne,Indiana,United States
Peoria,Illinois,United States
Chicago,Illinois,United States
East Troy,Wisconsin,United States
Green Bay,Wisconsin,United States
Cedar Rapids,Iowa,United States
Roskilde,Denmark
Jyväskylä,Finland
Edmonton,Alberta,Canada
Calgary,Alberta,Canada
Vancouver,British Columbia,Canada
Portland,Oregon,United States
Spokane,Washington,United States
Seattle,Washington,United States
Seattle,Washington,United States
Medford,Oregon,United States
Sacramento,California,United States
San Francisco,California,United States
Long Beach,California,United States
Long Beach,California,United States
Long Beach,California,United States
Las Vegas,Nevada,United States
San Diego,California,United States
Odessa,Texas,United States
San Antonio,Texas,United States
Mcallen,Texas,United States
Corpus Christi,Texas,United States
Dallas,Texas,United States
Omaha,Nebraska,United States
Decatur,Illinois,United States
Davenport,Iowa,United States
Eau Claire,Wisconsin,United States
Minneapolis,Minnesota,United States
Des Moines,Iowa,United States
Chicago,Illinois,United States
Cape Girardeau,Missouri,United States
Tulsa,Oklahoma,United States
Phoenix,Arizona,United States
Tucson,Arizona,United States
Salt Lake City,Utah,United States
Denver,Colorado,United States
Albuquerque,New Mexico,United States
El Paso,Texas,United States
Ft. Worth,Texas,United States
Houston,Texas,United States
Austin,Texas,United States
New Orleans,Louisiana,United States
Memphis,Tennessee,United States
Johnson City,Tennessee,United States
Charlotte,North Carolina,United States
Uniondale,New York,United States
Glenn Falls,New York,United States
Worcester,Massachusetts,United States
New Haven,Connecticut,United States
Providence,Rhode Island,United States
East Rutherford,New Jersey,United States
Philadelphia,Pennsylvania,United States
Bethlehem,Pennsylvania,United States
Binghamton,New York,United States
Landover,Maryland,United States
Rochester,New York,United States
Syracuse,New York,United States
Johnstown,Pennsylvania,United States
Erie,Pennsylvania,United States
Cleveland,Ohio,United States
Indianapolis,Indiana,United States
Milwaukee,Wisconsin,United States
Chicago,Illinois,United States
Detroit,Michigan,United States
St. Louis,Missouri,United States
Kansas City,Missouri,United States
Oklahoma City,Oklahoma,United States
Wichita,Kansas,United States
San Francisco,California,United States
Sacramento,California,United States
St. Goarshausen,Germany
Oakland,California,United States
San Francisco,California,United States
Castle Donington,England
Portland,Oregon,United States
Vancouver,British Columbia,Canada
Seattle,Washington,United States
San Francisco,California,United States
San Francisco,California,United States
Palo Alto,California,United States
Phoenix,Arizona,United States
Los Angeles,California,United States
San Diego,California,United States
Denver,Colorado,United States
Colorado Springs,Colorado,United States
Albuquerque,New Mexico,United States
El Paso,Texas,United States
Houston,Texas,United States
Dallas,Texas,United States
Houston,Texas,United States
San Antonio,Texas,United States
Corpus Christi,Texas,United States
Austin,Texas,United States
Tulsa,Oklahoma,United States
Wichita,Kansas,United States
Kansas City,Missouri,United States
St. Louis,Missouri,United States
Burlington,Iowa,United States
Cedar Rapids,Iowa,United States
Green Bay,Wisconsin,United States
Chicago,Illinois,United States
Milwaukee,Wisconsin,United States
Minneapolis,Minnesota,United States
Madison,Wisconsin,United States
Kalamazoo,Michigan,United States
Cleveland,Ohio,United States
Detroit,Michigan,United States
Indianapolis,Indiana,United States
Cincinnati,Ohio,United States
Columbus,Ohio,United States
Brooklyn,New York,United States
Brooklyn,New York,United States
Brooklyn,New York,United States
Poughkeepsie,New York,United States
Scranton,Pennsylvania,United States
Buffalo,New York,United States
Toronto,Ontario,Canada
Ottawa,Ontario,Canada
Quebec City,Quebec,Canada
Montreal,Quebec,Canada
Montreal,Quebec,Canada
Baltimore,Maryland,United States
Philadelphia,Pennsylvania,United States
Hartford,Connecticut,United States
Scotia,New York,United States
Boston,Massachusetts,United States
London,England
Helsinki,Finland
Nivala,Finland
Lieto,Finland
Stockholm,Sweden
Copenhagen,Denmark
Hamburg,Germany
Osnabrück,Germany
Amsterdam,Netherlands
Cologne,Germany
Sindelfingen,Germany
Mannheim,Germany
Nuremberg,Germany
Mainz,Germany
Zürich,Switzerland
Milan,Italy
Nice,France
Montpellier,France
Bordeaux,France
Toulouse,France
Marseilles,France
Lyon,France
Paris,France
Poperinge,Belgium
Rouen,France
Le Bourget,France
New York,New York,United States
San Francisco,California,United States
Poperinge,Belgium
Zwaagwesteinde,Netherlands
Oldenzaal,Netherlands
Frankfurt,Germany
Leiden,Netherlands
London,England
Birmingham,England
Glasgow,Scotland,Scotland
Ayr,Scotland,Scotland
Newcastle,England
Manchester,England
London,England
Blackburn,England
Nottingham,England
Cardiff,Wales
Dunstable,England
London,England
Hanley,England
Poperinge,Belgium
Zwolle,Netherlands
Paris,France
Nuremberg,Germany
Milan,Italy
Zürich,Switzerland
Boston,Massachusetts,United States
Valley Stream,New York,United States
Middletown,New York,United States
Boston,Massachusetts,United States
South River,New Jersey,United States
Rochester,New York,United States
Port Jervis,New York,United States
Mount Vernon,New York,United States
Aberdeen,New Jersey,United States
Cleveland,Ohio,United States
Chicago,Illinois,United States
Chicago,Illinois,United States
Madison,Wisconsin,United States
San Francisco,California,United States
Berkeley,California,United States
Palo Alto,California,United States
Bellevue,Washington,United States
Portland,Oregon,United States
San Francisco,California,United States
Reseda,California,United States
Palo Alto,California,United States
San Francisco,California,United States
Berkeley,California,United States
Palo Alto,California,United States
Reseda,California,United States
Los Angeles,California,United States
Las Cruces,New Mexico,United States
Portales,New Mexico,United States
Odessa,Texas,United States
San Antonio,Texas,United States
Austin,Texas,United States
Tyler,Texas,United States
Roland,Oklahoma,United States
Texarkana,Texas,United States
Russellville,Arkansas,United States
Pine Bluff,Arkansas,United States
Bald Knob,Arkansas,United States
Milwaukee,Wisconsin,United States
Chicago,Illinois,United States
Baltimore,Maryland,United States
Baltimore,Maryland,United States
Morganville,New Jersey,United States
Long Island,New York,United States
Brooklyn,New York,United States
Elmhurst,New York,United States
Rochester,New York,United States
Buffalo,New York,United States
Jamestown,New York,United States
Boston,Massachusetts,United States
Boston,Massachusetts,United States
Yonkers,New York,United States
Bridgeport,Connecticut,United States
New Brunswick,New Jersey,United States
Sayreville,New York,United States
Pasadena,Maryland,United States
New York,New York,United States
New York,New York,United States
Dover,New Jersey,United States
Brooklyn,New York,United States
New York,New York,United States
San Francisco,California,United States
San Francisco,California,United States
San Francisco,California,United States
San Francisco,California,United States
West Hollywood,California,United States
Anaheim,California,United States
Fullerton,California,United States
Anaheim,California,United States
San Francisco,California,United States
Anaheim,California,United States
San Francisco,California,United States
North Hollywood,California,United States
West Hollywood,California,United States
Anaheim,California,United States
West Hollywood,California,United States
Long Beach,California,United States
West Hollywood,California,United States
West Hollywood,California,United States
Dana Point,California,United States
Huntington Beach,California,United States
West Hollywood,California,United States
Costa Mesa,California,United States
Costa Mesa,California,United States
Anaheim,California,United States
Costa Mesa,California,United States
Costa Mesa,California,United States
Costa Mesa,California,United States
West Hollywood,California,United States
West Hollywood,California,United States
Anaheim,California,United States
